time,S,D,P,N,R,I
0,482,0,0,0,0,0
0.0,481,0,0,0,0,1
62.0,480,0,0,0,0,2
192.0,479,1,0,0,0,2
309.0,479,1,0,0,0,2
1854.0,478,1,0,0,0,3
1957.0,477,1,0,1,0,3
1982.0,476,1,0,2,0,3
2012.0,475,1,0,3,0,3
2040.0,474,1,0,3,0,4
2197.0,473,1,1,3,0,4
2199.0,472,1,2,3,0,4
2270.0,471,1,2,4,0,4
2298.0,470,1,2,5,0,4
2323.0,469,1,2,6,0,4
2779.0,468,1,2,7,0,4
2853.0,467,1,2,8,0,4
2985.0,466,1,2,9,0,4
3005.0,465,1,2,10,0,4
3154.0,464,1,2,11,0,4
3231.0,463,1,3,11,0,4
3303.0,462,2,3,11,0,4
3430.0,461,2,3,12,0,4
3441.0,460,2,3,13,0,4
3636.0,459,3,3,13,0,4
3782.0,459,3,4,12,0,4
3793.0,458,3,4,13,0,4
3844.0,457,3,5,13,0,4
3890.0,456,3,5,14,0,4
3893.0,456,4,5,13,0,4
3957.0,456,4,5,13,0,4
3994.0,455,4,5,14,0,4
4065.0,454,4,5,15,0,4
4066.0,454,4,5,15,0,4
4083.0,453,4,5,15,0,5
4126.0,453,4,5,15,0,5
4145.0,453,4,6,14,0,5
4152.0,452,5,6,14,0,5
4271.0,451,5,6,15,0,5
4304.0,450,5,6,15,0,6
4347.0,449,5,6,16,0,6
4370.0,448,5,6,16,0,7
4415.0,447,5,6,17,0,7
4419.0,446,5,6,18,0,7
4444.0,445,5,6,18,0,8
4465.0,444,5,6,18,0,9
4470.0,444,5,6,18,0,9
4495.0,443,5,6,19,0,9
4526.0,442,5,6,20,0,9
4536.0,441,5,7,20,0,9
4566.0,440,5,7,21,0,9
4618.0,440,5,7,21,0,9
4629.0,439,5,7,22,0,9
4656.0,439,5,7,22,0,9
4821.0,439,5,7,22,0,9
4843.0,438,5,7,22,0,10
4965.0,438,6,6,22,0,10
4974.0,437,6,6,23,0,10
5145.0,436,6,6,24,0,10
5178.0,435,6,6,25,0,10
5216.0,434,6,7,25,0,10
5351.0,433,6,7,25,0,11
5388.0,432,6,7,26,0,11
5394.0,431,6,7,27,0,11
5414.0,430,6,8,27,0,11
5422.0,429,6,8,28,0,11
5433.0,428,6,8,29,0,11
5503.0,427,6,8,30,0,11
5572.0,426,6,8,31,0,11
5614.0,425,6,8,32,0,11
5698.0,424,6,8,33,0,11
5770.0,423,6,8,33,0,12
5947.0,422,6,9,33,0,12
6009.0,421,6,9,34,0,12
6044.0,420,6,9,34,0,13
6125.0,419,6,9,34,0,14
6302.0,418,6,10,34,0,14
6339.0,417,7,10,34,0,14
6404.0,416,7,10,34,0,15
6466.0,415,7,11,34,0,15
6614.0,414,7,11,35,0,15
6665.0,413,7,11,35,0,16
6676.0,412,7,11,36,0,16
6964.0,411,7,11,37,0,16
6995.0,410,7,11,38,0,16
7204.0,409,7,12,38,0,16
7218.0,408,7,12,38,0,17
7752.0,407,7,12,38,0,18
7796.0,406,7,12,39,0,18
7826.0,405,7,13,39,0,18
7944.0,405,8,13,38,0,18
8033.0,404,8,13,39,0,18
8062.0,403,8,13,40,0,18
8094.0,402,8,13,41,0,18
8103.0,401,8,13,42,0,18
8219.0,400,8,13,42,0,19
8235.0,399,8,13,43,0,19
8292.0,398,8,13,44,0,19
8327.0,398,8,13,44,0,19
8347.0,397,8,13,45,0,19
8375.0,396,8,13,46,0,19
8389.0,395,8,13,47,0,19
8390.0,394,8,14,47,0,19
8392.0,394,8,13,48,0,19
8399.0,394,8,13,48,0,19
8425.0,393,8,13,49,0,19
8501.0,392,8,14,49,0,19
8504.0,391,8,14,50,0,19
8563.0,391,8,14,50,0,19
8598.0,390,8,14,51,0,19
8608.0,389,8,14,52,0,19
8651.0,388,8,14,53,0,19
8659.0,387,8,14,53,0,20
8686.0,386,8,14,54,0,20
8734.0,385,8,14,55,0,20
8749.0,384,8,14,56,0,20
8756.0,383,8,15,56,0,20
8756.0,382,9,15,56,0,20
8764.0,381,9,15,56,0,21
8797.0,380,9,15,57,0,21
8800.0,379,9,15,57,0,22
8802.0,378,9,15,57,0,23
8828.0,378,9,15,57,0,23
8835.0,377,9,15,58,0,23
8904.0,376,9,15,59,0,23
8946.0,376,9,16,58,0,23
8970.0,375,9,16,59,0,23
9011.0,375,9,16,59,0,23
9029.0,375,9,16,59,0,23
9071.0,374,9,16,60,0,23
9108.0,374,9,16,60,0,23
9175.0,373,9,16,61,0,23
9246.0,372,9,16,62,0,23
9258.0,372,9,16,62,0,23
9407.0,371,9,16,63,0,23
9469.0,370,9,16,63,0,24
9574.0,369,9,16,64,0,24
9654.0,368,9,16,65,0,24
9810.0,367,9,16,66,0,24
9820.0,366,9,17,66,0,24
9864.0,365,9,17,67,0,24
9930.0,364,9,17,68,0,24
9938.0,363,9,17,68,0,25
10054.0,362,9,17,68,0,26
10109.0,361,9,17,69,0,26
10117.0,360,9,17,70,0,26
10273.0,360,9,18,69,0,26
10275.0,359,9,18,70,0,26
10282.0,358,9,18,70,0,27
10573.0,357,9,18,71,0,27
10610.0,356,9,18,72,0,27
10610.0,355,9,18,73,0,27
10617.0,354,9,19,73,0,27
10625.0,353,9,19,74,0,27
10647.0,352,9,19,75,0,27
10648.0,351,9,19,75,0,28
10685.0,350,9,19,75,0,29
10735.0,349,9,19,76,0,29
10736.0,348,9,19,77,0,29
10788.0,348,9,19,77,0,29
10790.0,347,9,19,78,0,29
10862.0,346,9,19,79,0,29
10895.0,345,9,19,79,0,30
10895.0,344,9,19,80,0,30
10955.0,344,10,19,79,0,30
11022.0,343,11,19,79,0,30
11102.0,342,11,19,79,0,31
11173.0,341,11,20,79,0,31
11198.0,340,11,20,80,0,31
11207.0,339,11,20,80,0,32
11221.0,339,10,20,80,0,33
11263.0,338,10,20,80,0,34
11287.0,338,10,20,80,0,34
11335.0,337,10,20,80,0,35
11344.0,336,10,20,81,0,35
11348.0,335,10,20,82,0,35
11383.0,334,10,20,83,0,35
11532.0,333,10,20,83,0,36
11538.0,332,10,20,83,0,37
11564.0,332,10,20,83,0,37
11597.0,331,10,20,84,0,37
11673.0,330,10,20,85,0,37
11714.0,329,10,20,86,0,37
11728.0,328,10,20,87,0,37
11806.0,328,10,21,86,0,37
11865.0,327,10,22,86,0,37
11912.0,326,10,22,87,0,37
11932.0,325,10,22,88,0,37
11935.0,324,10,22,89,0,37
11975.0,323,10,22,89,0,38
12000.0,322,10,22,90,0,38
12026.0,321,10,23,90,0,38
12027.0,320,10,23,90,0,39
12057.0,319,10,23,91,0,39
12122.0,318,11,23,91,0,39
12141.0,317,11,23,92,0,39
12282.0,316,11,23,93,0,39
12411.0,316,11,22,94,0,39
12429.0,315,11,22,95,0,39
12451.0,314,11,22,95,0,40
12477.0,313,12,22,95,0,40
12517.0,312,12,22,95,0,41
12603.0,312,12,22,95,0,41
12651.0,311,12,22,95,0,42
12846.0,310,12,23,95,0,42
12975.0,309,12,23,95,0,43
12983.0,308,12,23,96,0,43
13051.0,307,12,23,96,0,44
13083.0,306,12,23,97,0,44
13083.0,305,12,23,97,0,45
13093.0,304,12,23,98,0,45
13102.0,304,12,24,97,0,45
13122.0,303,12,24,98,0,45
13162.0,302,12,24,99,0,45
13167.0,301,12,25,99,0,45
13180.0,300,12,25,99,0,46
13185.0,300,12,25,99,0,46
13233.0,300,12,24,99,0,47
13253.0,299,12,25,99,0,47
13300.0,299,12,25,99,0,47
13420.0,299,12,25,99,0,47
13485.0,298,12,25,99,0,48
13510.0,298,12,25,99,0,48
13538.0,297,12,25,99,0,49
13573.0,296,12,25,99,0,50
13691.0,295,12,25,100,0,50
13799.0,294,12,25,100,0,51
13860.0,294,12,25,100,0,51
13942.0,293,12,25,101,0,51
14021.0,292,13,25,101,0,51
14216.0,291,13,25,102,0,51
14220.0,290,13,25,102,0,52
14226.0,289,13,25,103,0,52
14281.0,288,13,26,103,0,52
14304.0,287,13,26,104,0,52
14342.0,286,13,26,105,0,52
14400.0,286,13,26,105,0,52
14508.0,285,13,26,106,0,52
14544.0,284,13,26,107,0,52
14723.0,283,13,26,107,0,53
14888.0,282,13,26,108,0,53
14890.0,281,13,26,108,0,54
14978.0,280,13,27,108,0,54
15020.0,279,13,27,108,0,55
15022.0,278,13,27,108,0,56
15103.0,277,13,28,108,0,56
15109.0,277,13,29,107,0,56
15118.0,277,13,29,106,0,57
15314.0,276,13,29,107,0,57
15327.0,276,13,29,107,0,57
15350.0,275,13,29,107,0,58
15374.0,274,13,29,108,0,58
15570.0,274,13,29,108,0,58
15576.0,273,13,29,109,0,58
15610.0,272,13,29,109,0,59
15642.0,271,13,29,109,0,60
15665.0,271,13,29,109,0,60
15861.0,271,13,29,109,0,60
15945.0,270,13,29,109,0,61
16015.0,269,13,29,110,0,61
16121.0,268,13,29,110,0,62
16168.0,267,13,29,110,0,63
16176.0,266,13,29,111,0,63
16325.0,265,13,29,111,0,64
16339.0,264,13,29,111,0,65
16471.0,263,13,29,112,0,65
16544.0,262,13,29,113,0,65
16648.0,261,13,30,113,0,65
16692.0,261,13,30,113,0,65
16706.0,260,13,30,114,0,65
16769.0,259,13,30,115,0,65
16921.0,258,13,30,115,0,66
17634.0,257,13,30,115,0,67
17766.0,256,13,30,116,0,67
17899.0,256,14,30,115,0,67
17915.0,255,14,30,115,0,68
18278.0,254,15,30,115,0,68
18324.0,254,15,30,114,0,69
18414.0,253,15,30,115,0,69
18475.0,252,15,30,115,0,70
18515.0,251,15,30,116,0,70
18517.0,251,15,31,115,0,70
18659.0,251,15,31,115,0,70
18779.0,250,15,31,116,0,70
19051.0,249,15,31,117,0,70
19282.0,248,15,31,118,0,70
19794.0,247,15,31,119,0,70
19868.0,246,15,31,120,0,70
20230.0,245,15,31,120,0,71
20323.0,244,15,31,121,0,71
20335.0,243,15,31,122,0,71
20369.0,242,15,31,122,0,72
20453.0,241,15,32,122,0,72
20501.0,240,15,32,122,0,73
20850.0,239,15,32,123,0,73
21332.0,238,15,33,123,0,73
21376.0,237,15,33,124,0,73
21522.0,237,15,33,124,0,73
21548.0,236,15,33,124,0,74
21564.0,236,15,33,124,0,74
21578.0,236,15,33,124,0,74
21717.0,235,15,33,124,0,75
22138.0,234,15,33,124,0,76
22268.0,233,15,33,124,0,77
22334.0,232,15,33,125,0,77
22437.0,231,15,33,125,0,78
22988.0,230,15,33,126,0,78
23098.0,229,15,34,126,0,78
23148.0,228,15,34,126,0,79
23183.0,227,15,35,126,0,79
23464.0,226,15,35,126,0,80
23698.0,225,16,35,126,0,80
23829.0,224,16,35,126,0,81
24324.0,223,16,35,127,0,81
24356.0,222,16,35,127,0,82
24403.0,221,16,35,127,0,83
24443.0,220,16,35,128,0,83
24543.0,219,16,35,129,0,83
24544.0,218,16,35,129,0,84
24619.0,217,16,36,129,0,84
24664.0,216,16,36,130,0,84
24736.0,215,16,37,130,0,84
24760.0,214,16,37,130,0,85
24851.0,213,16,38,130,0,85
25039.0,212,16,38,130,0,86
25087.0,211,16,38,130,0,87
25131.0,210,16,38,131,0,87
25277.0,209,16,38,131,0,88
25471.0,208,16,38,131,0,89
25643.0,207,16,38,132,0,89
25650.0,206,16,38,133,0,89
25693.0,205,16,38,134,0,89
26011.0,204,16,39,134,0,89
26051.0,203,16,39,134,0,90
26163.0,202,16,39,134,0,91
26453.0,201,16,39,134,0,92
26713.0,200,16,39,135,0,92
26749.0,199,16,39,136,0,92
26802.0,198,16,39,137,0,92
26878.0,197,16,39,137,0,93
26914.0,196,16,39,137,0,94
26927.0,196,16,39,137,0,94
26938.0,195,16,39,138,0,94
26985.0,194,16,39,139,0,94
26992.0,194,16,39,139,0,94
27006.0,193,16,39,140,0,94
27120.0,192,16,39,141,0,94
27204.0,191,16,39,141,0,95
27404.0,191,16,39,141,0,95
27872.0,190,16,39,142,0,95
27980.0,190,16,39,142,0,95
28204.0,189,16,39,142,0,96
28205.0,188,16,40,142,0,96
28241.0,187,16,40,142,0,97
28245.0,186,16,40,142,0,98
28381.0,185,16,40,142,0,99
28471.0,184,16,40,142,0,100
28501.0,183,16,40,142,0,101
28577.0,182,16,40,142,0,102
28681.0,181,16,40,143,0,102
28745.0,180,16,40,143,0,103
28865.0,179,16,40,144,0,103
29042.0,178,16,40,144,0,104
29126.0,178,16,40,144,0,104
29428.0,177,16,40,144,0,105
29505.0,177,16,40,144,0,105
29558.0,177,16,40,144,0,105
29651.0,176,16,41,144,0,105
29712.0,175,16,42,144,0,105
29892.0,175,16,43,143,0,105
30647.0,174,16,43,144,0,105
31203.0,173,16,43,145,0,105
31349.0,173,16,43,145,0,105
31571.0,172,16,43,146,0,105
31579.0,171,17,43,146,0,105
31697.0,170,17,43,146,0,106
31877.0,169,17,43,147,0,106
32228.0,168,17,43,148,0,106
32984.0,167,17,44,148,0,106
33580.0,166,17,44,148,0,107
33658.0,165,17,44,148,0,108
33676.0,165,17,45,147,0,108
33684.0,164,17,45,148,0,108
33874.0,163,17,45,149,0,108
33911.0,162,17,45,149,0,109
33942.0,161,17,46,149,0,109
34236.0,160,17,46,150,0,109
34335.0,159,17,46,151,0,109
34418.0,158,17,47,151,0,109
34684.0,157,17,47,152,0,109
34735.0,157,17,47,152,0,109
34790.0,156,17,48,152,0,109
34868.0,156,17,47,152,0,110
35123.0,155,17,47,153,0,110
35333.0,154,17,47,154,0,110
35367.0,154,17,47,154,0,110
36395.0,153,17,47,154,0,111
36462.0,152,17,47,154,0,112
36497.0,151,17,47,154,0,113
36530.0,150,17,47,155,0,113
36664.0,149,17,47,156,0,113
36907.0,148,17,47,156,0,114
37844.0,147,17,47,157,0,114
38031.0,146,17,47,157,0,115
38651.0,145,17,47,157,0,116
39127.0,144,17,47,157,0,117
39321.0,143,17,47,158,0,117
39460.0,142,17,47,158,0,118
39508.0,141,17,47,159,0,118
39586.0,141,17,47,159,0,118
40802.0,140,17,47,160,0,118
40891.0,139,17,47,161,0,118
40941.0,138,17,47,161,0,119
40987.0,137,17,47,162,0,119
41313.0,136,17,48,162,0,119
41494.0,135,17,48,162,0,120
41926.0,134,17,49,162,0,120
41973.0,133,17,49,163,0,120
42044.0,132,17,49,164,0,120
42102.0,131,17,49,165,0,120
42223.0,130,17,49,166,0,120
42785.0,129,17,50,166,0,120
43392.0,129,16,50,166,1,120
43682.0,128,16,50,166,1,121
43711.0,127,16,50,166,1,122
44582.0,126,16,51,166,1,122
44586.0,125,16,51,167,1,122
44771.0,125,16,51,167,1,122
44795.0,124,16,51,167,1,123
45039.0,124,16,51,167,1,123
45157.0,124,16,51,166,2,123
45175.0,123,16,51,167,2,123
45182.0,123,16,51,166,3,123
45194.0,122,16,51,167,3,123
45353.0,121,16,51,168,3,123
45397.0,121,16,50,168,4,123
45399.0,121,16,49,168,5,123
45470.0,121,16,49,167,6,123
45498.0,121,16,49,166,7,123
45523.0,121,16,49,165,8,123
45696.0,121,16,50,164,8,123
45971.0,120,16,50,164,8,124
45979.0,120,16,50,163,9,124
46053.0,120,16,50,162,10,124
46132.0,119,16,50,163,10,124
46185.0,119,16,50,162,11,124
46199.0,118,16,50,162,11,125
46205.0,118,16,50,161,12,125
46354.0,118,16,50,160,13,125
46377.0,118,16,50,160,13,125
46526.0,118,16,50,160,13,125
46554.0,117,16,50,161,13,125
46578.0,116,16,50,162,13,125
46600.0,116,17,50,161,13,125
46641.0,116,17,50,160,14,125
46656.0,116,17,51,159,14,125
46742.0,115,17,51,159,14,126
46836.0,115,16,51,159,15,126
46901.0,114,16,51,160,15,126
47047.0,113,16,51,161,15,126
47052.0,113,16,52,160,15,126
47090.0,113,16,52,159,16,126
47157.0,113,16,51,159,17,126
47169.0,112,16,51,160,17,126
47204.0,111,16,51,160,17,127
47266.0,111,15,51,160,18,127
47326.0,111,14,51,160,19,127
47345.0,111,14,50,160,20,127
47352.0,111,13,50,160,21,127
47387.0,110,13,50,161,21,127
47471.0,110,13,50,160,22,127
47497.0,109,13,50,160,22,128
47547.0,109,13,50,159,23,128
47597.0,108,13,50,159,23,129
47615.0,108,13,50,158,24,129
47619.0,108,13,50,157,25,129
47670.0,108,13,50,156,26,129
47710.0,107,13,50,156,26,130
47726.0,107,13,50,155,27,130
47766.0,107,13,50,154,28,130
47818.0,107,13,50,153,29,130
47829.0,107,13,50,152,30,130
47856.0,107,13,49,152,31,130
48174.0,107,13,49,151,32,130
48237.0,106,13,49,151,32,131
48345.0,106,13,49,150,33,131
48355.0,105,13,50,150,33,131
48385.0,104,13,51,150,33,131
48416.0,104,13,50,150,34,131
48417.0,103,13,51,150,34,131
48588.0,103,13,51,149,35,131
48594.0,103,13,51,148,36,131
48614.0,103,13,50,148,37,131
48622.0,103,13,50,147,38,131
48633.0,103,13,50,146,39,131
48741.0,103,13,51,145,39,131
48772.0,103,13,51,144,40,131
48778.0,102,13,51,144,40,132
48814.0,102,13,51,143,41,132
48996.0,101,13,51,144,41,132
49013.0,100,13,51,145,41,132
49094.0,100,13,52,144,41,132
49147.0,100,13,51,144,42,132
49209.0,100,13,51,143,43,132
49389.0,100,13,51,143,43,132
49502.0,100,13,50,143,44,132
49539.0,100,12,50,143,45,132
49588.0,100,12,50,143,45,132
49666.0,100,12,49,143,46,132
49814.0,100,12,49,142,47,132
49876.0,100,12,49,141,48,132
50164.0,100,12,49,140,49,132
50182.0,99,12,49,140,49,133
50195.0,99,12,49,139,50,133
50329.0,98,13,49,139,50,133
50404.0,98,13,48,139,51,133
50481.0,97,13,48,139,51,134
50523.0,96,13,48,139,51,135
50546.0,95,13,48,140,51,135
51026.0,95,13,47,140,52,135
51081.0,94,13,47,140,52,136
51092.0,93,13,47,140,52,137
51212.0,92,13,47,140,52,138
51233.0,92,13,47,139,53,138
51262.0,92,13,47,138,54,138
51278.0,91,13,47,139,54,138
51294.0,91,13,47,138,55,138
51303.0,91,13,47,137,56,138
51435.0,91,13,47,136,57,138
51492.0,91,13,47,135,58,138
51497.0,91,13,47,135,58,138
51546.0,90,13,47,135,58,139
51547.0,90,13,47,134,59,139
51575.0,90,13,47,133,60,139
51589.0,90,13,47,132,61,139
51592.0,90,13,47,131,62,139
51625.0,90,13,47,130,63,139
51658.0,89,14,47,130,63,139
51701.0,89,14,46,130,64,139
51763.0,89,14,46,129,65,139
51851.0,89,14,46,128,66,139
51877.0,88,14,46,129,66,139
51886.0,88,14,46,128,67,139
51934.0,88,14,46,127,68,139
51956.0,88,14,45,127,69,139
51956.0,88,13,45,127,70,139
51997.0,88,13,45,126,71,139
52035.0,88,13,45,125,72,139
52059.0,87,13,45,126,72,139
52100.0,86,13,45,127,72,139
52100.0,85,13,45,127,72,140
52146.0,85,13,44,127,73,140
52170.0,85,13,44,126,74,140
52271.0,85,13,44,125,75,140
52308.0,85,13,44,124,76,140
52446.0,85,13,44,123,77,140
52458.0,85,13,44,122,78,140
52607.0,85,13,44,121,79,140
52774.0,85,13,44,120,80,140
52854.0,85,13,44,119,81,140
52912.0,85,13,45,118,81,140
53010.0,85,13,45,117,82,140
53020.0,85,13,44,117,83,140
53064.0,85,13,44,116,84,140
53130.0,85,13,44,115,85,140
53188.0,84,13,44,116,85,140
53309.0,84,13,44,115,86,140
53317.0,84,13,44,114,87,140
53473.0,84,13,43,114,88,140
53475.0,84,13,43,113,89,140
53810.0,84,13,43,112,90,140
53810.0,84,13,43,111,91,140
53817.0,84,13,42,111,92,140
53825.0,84,13,42,110,93,140
53847.0,84,13,42,109,94,140
53935.0,84,13,42,108,95,140
53936.0,84,13,42,107,96,140
53990.0,84,13,42,106,97,140
54062.0,84,13,42,105,98,140
54095.0,84,13,42,104,99,140
54222.0,84,12,42,104,100,140
54331.0,83,12,42,104,100,141
54373.0,83,12,41,104,101,141
54394.0,82,12,41,104,101,142
54395.0,82,12,41,104,101,142
54398.0,82,12,41,103,102,142
54544.0,82,12,41,102,103,142
54547.0,81,12,42,102,103,142
54548.0,81,12,42,101,104,142
54583.0,81,12,42,100,105,142
54614.0,81,12,42,100,105,142
54674.0,80,12,42,100,105,143
54797.0,80,12,42,99,106,143
54873.0,80,12,42,98,107,143
54893.0,80,12,42,98,107,143
54914.0,80,12,42,97,108,143
54928.0,80,12,42,96,109,143
55065.0,80,12,41,96,110,143
55112.0,80,12,41,95,111,143
55132.0,80,12,41,94,112,143
55135.0,80,12,41,93,113,143
55200.0,80,12,41,92,114,143
55226.0,80,12,40,92,115,143
55257.0,80,12,40,91,116,143
55322.0,80,11,40,91,117,143
55341.0,80,11,40,90,118,143
55482.0,80,11,40,89,119,143
55493.0,79,11,40,89,119,144
55611.0,79,11,40,88,120,144
55629.0,79,11,40,87,121,144
55677.0,79,10,40,87,122,144
56046.0,79,10,39,87,123,144
56283.0,79,10,39,86,124,144
56293.0,79,10,39,85,125,144
56322.0,79,10,39,84,126,144
56362.0,79,10,39,83,127,144
56367.0,79,10,38,83,128,144
56453.0,79,10,37,83,129,144
57142.0,79,10,37,82,130,144
57221.0,79,9,37,82,131,144
57238.0,78,9,37,82,131,145
57285.0,78,9,37,82,131,145
57416.0,78,9,37,81,132,145
57426.0,78,9,37,80,133,145
57481.0,78,9,36,80,134,145
57542.0,78,9,36,79,135,145
57708.0,78,9,36,78,136,145
57744.0,78,9,36,77,137,145
58121.0,77,9,37,77,137,145
58238.0,76,9,37,77,137,146
58266.0,75,9,37,77,137,147
58303.0,75,9,36,77,138,147
58309.0,75,9,35,77,139,147
58514.0,75,9,35,76,140,147
58643.0,74,9,35,77,140,147
58770.0,74,9,34,77,141,147
58776.0,74,9,34,76,142,147
58865.0,74,9,34,75,143,147
59185.0,73,9,34,75,143,148
59200.0,72,9,34,75,143,149
59215.0,72,9,34,74,144,149
59280.0,71,9,34,74,144,150
59376.0,71,9,34,73,145,150
59409.0,70,9,35,73,145,150
59492.0,69,9,35,73,145,151
59515.0,68,9,35,73,145,152
59611.0,67,9,35,73,145,153
59671.0,67,9,35,72,146,153
59743.0,66,9,35,72,146,154
59744.0,66,9,35,71,147,154
59848.0,66,9,34,71,148,154
59906.0,66,9,34,70,149,154
59969.0,66,9,34,69,150,154
60158.0,65,9,34,70,150,154
60184.0,64,9,34,71,150,154
60952.0,63,9,34,72,150,154
60966.0,63,9,34,71,151,154
60996.0,62,9,34,71,151,155
60998.0,61,9,34,71,151,156
61019.0,60,9,34,72,151,156
61099.0,60,8,34,72,152,156
61305.0,59,8,34,72,152,157
61478.0,59,7,34,72,153,157
61560.0,59,7,34,71,153,158
61579.0,58,7,35,71,153,158
61669.0,57,7,35,71,153,159
61670.0,56,7,35,71,153,160
61715.0,56,7,35,70,154,160
61717.0,56,7,34,70,155,160
61979.0,56,7,34,69,156,160
62036.0,55,7,34,69,156,161
62251.0,55,7,34,68,157,161
62482.0,55,7,34,67,158,161
62701.0,54,7,34,67,158,162
62994.0,54,7,34,66,159,162
63068.0,54,7,34,65,160,162
63523.0,54,7,34,64,161,162
63535.0,54,7,34,63,162,162
63653.0,54,7,33,63,163,162
64050.0,54,7,33,62,164,162
64497.0,53,7,34,62,164,162
64532.0,53,7,33,62,165,162
64576.0,53,7,33,61,166,162
64605.0,52,7,33,61,166,163
64646.0,51,7,33,62,166,163
64718.0,50,7,33,63,166,163
65055.0,49,7,33,63,166,164
65454.0,48,7,33,63,166,165
65534.0,48,7,33,62,167,165
65655.0,47,7,33,62,167,166
65710.0,46,7,34,62,167,166
65999.0,45,7,34,62,167,167
66050.0,44,7,34,62,167,168
66064.0,44,7,34,62,167,168
66188.0,44,7,34,61,168,168
66265.0,43,7,34,61,168,169
66271.0,42,7,35,61,168,169
66298.0,42,7,34,61,169,169
66383.0,42,7,33,61,170,169
66467.0,42,7,33,61,170,169
66822.0,41,7,34,61,170,169
66898.0,41,6,34,61,171,169
67358.0,40,6,34,61,171,170
67521.0,39,6,34,61,171,171
67524.0,39,6,34,60,172,171
67570.0,38,6,34,60,172,172
67643.0,38,6,34,59,173,172
67743.0,38,6,34,58,174,172
67819.0,38,6,33,58,175,172
67864.0,38,6,33,57,176,172
67936.0,38,6,32,57,177,172
68051.0,38,6,31,57,178,172
68331.0,38,6,31,56,179,172
68843.0,38,6,31,55,180,172
68850.0,38,6,31,54,181,172
68893.0,38,6,31,53,182,172
69211.0,38,6,30,53,183,172
69913.0,38,6,30,52,184,172
69949.0,38,6,30,51,185,172
70002.0,38,6,30,50,186,172
70138.0,38,6,30,49,187,172
70185.0,38,6,30,48,188,172
70320.0,38,6,30,47,189,172
70516.0,37,6,30,47,189,173
70826.0,36,6,31,47,189,173
71072.0,36,6,31,46,190,173
71161.0,36,5,32,46,190,173
71286.0,35,5,32,47,190,173
71377.0,34,5,32,47,190,174
71405.0,34,5,31,47,191,174
71881.0,34,5,31,46,192,174
72027.0,33,5,31,47,192,174
72302.0,32,5,31,47,192,175
72851.0,32,5,30,47,193,175
72912.0,32,5,29,47,194,175
73092.0,32,5,28,47,195,175
73105.0,31,5,28,47,195,176
73566.0,30,5,28,48,195,176
73847.0,30,5,28,47,196,176
74195.0,29,5,28,48,196,176
74403.0,29,5,28,47,197,176
74771.0,29,5,28,46,198,176
74779.0,29,4,28,46,199,176
75077.0,29,4,28,45,200,176
75488.0,29,4,28,45,200,176
75898.0,28,4,28,45,200,177
76184.0,28,4,27,45,201,177
76591.0,27,4,27,45,201,178
76876.0,27,4,26,45,202,178
76884.0,27,4,26,44,203,178
77024.0,26,4,27,44,203,178
77074.0,26,4,27,43,204,178
77436.0,26,4,27,42,205,178
77535.0,26,4,27,41,206,178
77618.0,26,4,26,41,207,178
77884.0,26,4,26,40,208,178
77935.0,26,4,26,39,209,178
78323.0,26,4,26,38,210,178
78567.0,26,4,26,37,211,178
78822.0,25,4,26,37,211,179
79730.0,25,4,26,36,212,179
79864.0,25,4,26,35,213,179
80277.0,24,4,26,35,213,180
81044.0,24,4,26,34,214,180
81221.0,23,4,26,34,214,181
82521.0,23,4,26,33,215,181
82708.0,23,4,26,32,216,181
82986.0,22,4,26,32,216,182
83305.0,21,4,26,32,216,183
84002.0,21,4,26,31,217,183
84091.0,21,4,26,30,218,183
84187.0,21,4,26,29,219,183
84513.0,21,4,25,29,220,183
85126.0,21,4,24,29,221,183
85173.0,21,4,24,28,222,183
85196.0,21,4,24,28,222,183
85302.0,21,4,24,27,223,183
85423.0,21,4,24,26,224,183
85985.0,21,4,23,26,225,183
87782.0,21,4,22,26,226,183
87786.0,21,4,22,25,227,183
87952.0,20,4,22,25,227,184
88553.0,20,4,22,24,228,184
88896.0,20,4,21,24,229,184
89332.0,20,4,21,23,230,184
89754.0,20,4,21,22,231,184
89856.0,20,4,20,22,232,184
90252.0,20,4,19,22,233,184
90369.0,20,4,19,21,234,184
90587.0,20,4,19,20,235,184
91555.0,20,4,18,20,236,184
91585.0,20,4,17,20,237,184
92196.0,20,4,17,19,238,184
92213.0,20,4,17,18,239,184
92294.0,20,4,16,18,240,184
92589.0,20,4,15,18,241,184
92788.0,20,4,14,18,242,184
93529.0,20,3,14,18,243,184
93746.0,20,3,14,17,244,184
94478.0,20,3,14,16,245,184
94858.0,20,2,14,16,246,184
95077.0,20,2,14,15,247,184
95259.0,20,2,14,14,248,184
95300.0,20,2,14,13,249,184
96112.0,20,2,13,13,250,184
96388.0,20,2,13,12,251,184
97182.0,19,2,13,12,251,185
98093.0,19,2,12,12,252,185
101321.0,19,2,11,12,253,185
101843.0,19,2,11,11,254,185
102609.0,19,2,10,11,255,185
103358.0,19,2,10,10,256,185
103384.0,19,2,10,9,257,185
103942.0,18,2,11,9,257,185
104152.0,18,2,11,8,258,185
104219.0,18,2,11,7,259,185
104604.0,17,2,11,8,259,185
104779.0,17,2,10,8,260,185
105663.0,16,3,10,8,260,185
107697.0,16,3,9,8,261,185
107846.0,16,3,9,7,262,185
107918.0,16,3,9,6,263,185
108910.0,16,3,8,6,264,185
109471.0,16,3,7,6,265,185
110022.0,16,3,6,6,266,185
110568.0,15,3,7,6,266,185
114026.0,15,3,6,6,267,185
114361.0,15,3,5,6,268,185
114486.0,15,3,5,5,269,185
115227.0,15,3,5,4,270,185
116766.0,15,3,5,3,271,185
117395.0,15,3,5,2,272,185
118688.0,15,3,4,2,273,185
120224.0,15,3,3,2,274,185
125715.0,14,3,3,2,274,186
128798.0,13,3,4,2,274,186
132654.0,12,3,4,3,274,186
138564.0,12,3,4,3,274,186
147142.0,12,3,3,3,275,186
147804.0,12,3,3,2,276,186
148863.0,12,2,3,2,277,186
153768.0,12,2,2,2,278,186
171998.0,12,2,1,2,279,186
175682.0,11,2,1,2,279,187
175854.0,11,2,1,1,280,187
181764.0,11,2,0,1,281,187
181948.0,10,2,0,1,281,188
188198.0,9,2,0,1,281,189
188319.0,9,1,0,1,281,190
199047.0,8,1,0,1,281,191
248601.0,7,1,0,1,281,192
250675.0,7,0,1,1,281,192
254547.0,7,0,1,1,281,192
272911.0,6,0,1,2,281,192
293875.0,6,0,0,2,282,192
297747.0,6,0,0,1,283,192
316111.0,6,0,0,0,284,192
410505.0,5,0,1,0,284,192
446146.0,4,0,1,0,284,193
453705.0,4,0,0,0,285,193
497012.0,3,0,0,0,285,194
537089.0,2,0,0,1,285,194
537380.0,1,0,0,1,285,195
538388.0,0,0,1,1,285,195
580289.0,0,0,1,0,286,195
581588.0,0,0,0,0,287,195
